1,MMM.N,Consumer Goods Conglomerates,MMM.N,2024-12-02,17.4238321941651,74,63,96,58.9570762271263
2,ABT.N,Healthcare Equipment & Supplies,ABT.N,2024-12-02,35.4123150334842,39,50,56,13.2806840886284
3,ABBV.N,Pharmaceuticals,ABBV.N,2024-12-02,63.4151446962165,42,81,95,30.7505959866225
4,ACN.N,Software & IT Services,ACN.N,2024-12-02,31.6047145579512,43,35,64,9.15076091510707
5,ADBE.OQ,Software & IT Services,ADBE.OQ,2024-12-02,43.5922662151492,38,25,94,-14.6155881961917
6,ADP.OQ,Software & IT Services,ADP.OQ,2024-12-02,32.696421054431,57,41,92,34.5840947471354
8,AEP.OQ,Electric Utilities & IPPs,AEP.OQ,2024-12-02,19.7272886125221,66,76,11,27.5443060024355
9,AES.N,Electric Utilities & IPPs,AES.N,2024-12-02,9.04137768079281,32,80,5,-24.6041906605229
11,AFL.N,Insurance,AFL.N,2024-12-02,16.7732182596205,97,77,54,37.5509983629336
12,A.N,Healthcare Equipment & Supplies,A.N,2024-12-02,43.565246431726,11,6,85,9.04121276107206
13,AIG.N,Insurance,AIG.N,2024-12-02,37.4044712146488,64,71,7,17.6102443882206
15,APD.N,Chemicals,APD.N,2024-12-02,19.4610153452211,40,25,16,27.6138245951269
17,AKAM.OQ,Software & IT Services,AKAM.OQ,2024-12-02,29.0104512276045,12,44,32,-15.5047454669467
19,ALLE.N,Communications & Networking,ALLE.N,2024-12-02,21.5704650555394,63,58,68,33.1404935081189
22,ALL.N,Insurance,ALL.N,2024-12-02,13.1959697381724,84,97,84,50.5043961591762
23,GOOGL.OQ,Software & IT Services,GOOGL.OQ,2024-12-02,22.4616525143455,70,66,72,32.9905451777345
26,MO.N,Food & Tobacco,MO.N,2024-12-02,9.65581527300728,98,93,96,46.9144267396367
27,AMZN.OQ,Diversified Retail,AMZN.OQ,2024-12-02,45.1593683560798,46,44,40,45.4777685655968
28,AMCR.N,Containers & Packaging,AMCR.N,2024-12-02,19.9024647423224,63,73,60,17.1593225933335
29,AEE.N,Multiline Utilities,AEE.N,2024-12-02,21.8363402970758,61,77,15,22.455075476357
30,AXP.N,Banking Services,AXP.N,2024-12-02,22.2389974866534,96,45,34,76.55024133792
31,AMT.N,Residential & Commercial REITs,AMT.N,2024-12-02,46.4090252828795,45,36,83,2.59415242543415
32,AMP.N,Investment Banking & Investment Services,AMP.N,2024-12-02,21.704312761385,93,76,29,62.0197624842206
33,AME.N,"""Machinery", Tools, Heavy Vehicles," Trains & Ships""",AME.N,2024-12-02,34.0814427276308,50,29,44,25.1391212058999
34,AMGN.OQ,Pharmaceuticals,AMGN.OQ,2024-12-02,35.5846841267485,50,54,44,5.13625803284836
35,APH.N,Electronic Equipment & Parts,APH.N,2024-12-02,41.9310788015102,81,50,76,60.4342447745574
37,ADI.OQ,Semiconductors & Semiconductor Equipment,ADI.OQ,2024-12-02,68.2109305020131,58,14,40,23.330516158103
39,AON.N,Insurance,AON.N,2024-12-02,32.7324794572475,73,54,81,19.8870317190394
40,APA.OQ,Oil & Gas,APA.OQ,2024-12-02,3.1793696764415,14,52,71,-35.4926457876231
41,AAPL.OQ,"""Computers"," Phones & Household Electronics""",AAPL.OQ,2024-12-02,39.471689906951,80,16,95,27.0987224497587
42,AMAT.OQ,Semiconductors & Semiconductor Equipment,AMAT.OQ,2024-12-02,21.2866169535624,30,23,97,24.5677352034106
43,APTV.N,Automobiles & Auto Parts,APTV.N,2024-12-02,6.26084509684378,11,58,33,-32.3071350997851
44,ADM.N,Food & Tobacco,ADM.N,2024-12-02,15.4729999429777,16,39,36,-24.656176182117
45,AIZ.N,Insurance,AIZ.N,2024-12-02,16.1212914173567,70,70,57,33.2804850552648
46,T.N,Telecommunications Services,T.N,2024-12-02,18.4474856158372,83,91,47,44.7115133280766
47,ATI.N,Aerospace & Defense,ATI.N,2024-12-02,20.6380867767595,29,6,42,41.034727141846
49,AN.N,Specialty Retailers,AN.N,2024-12-02,10.3670830132994,70,77,63,29.3271995475155
50,AZO.N,Specialty Retailers,AZO.N,2024-12-02,21.1948317066289,61,25,83,19.3464233803703
51,AVB.N,Residential & Commercial REITs,AVB.N,2024-12-02,31.5384562827529,80,52,66,34.2869783470651
52,AVY.N,Containers & Packaging,AVY.N,2024-12-02,24.7439658525109,40,45,63,7.10956525346023
54,BKR.OQ,Oil & Gas Related Equipment and Services,BKR.OQ,2024-12-02,19.5642049830733,82,63,88,32.7630889693409
55,BALL.N,Containers & Packaging,BALL.N,2024-12-02,33.7181159070297,32,31,55,12.240865896384
56,BBWI.N,Specialty Retailers,BBWI.N,2024-12-02,9.19594897731535,16,69,90,3.7815087596818
57,BAX.N,Healthcare Equipment & Supplies,BAX.N,2024-12-02,75.8981087684372,11,15,79,-6.45483389462949
58,BDX.N,Healthcare Equipment & Supplies,BDX.N,2024-12-02,37.9974352328072,27,59,64,-4.69549959313271
59,BRKb.N,Consumer Goods Conglomerates,BRKb.N,2024-12-02,9.63988015522381,91,24,64,33.8333426757984
60,BBY.N,Specialty Retailers,BBY.N,2024-12-02,15.5288307181551,77,72,34,27.2003195884295
61,BIIB.OQ,Pharmaceuticals,BIIB.OQ,2024-12-02,14.8396669003954,4,31,38,-29.4696156317568
62,BLK.N,Investment Banking & Investment Services,BLK.N,2024-12-02,25.1696982601965,97,72,64,38.3048170271996
64,BAC.N,Banking Services,BAC.N,2024-12-02,17.099733907202,90,94,5,55.6537046487227
65,BK.N,Investment Banking & Investment Services,BK.N,2024-12-02,18.1333249869215,94,95,35,71.435222063088
66,BKNG.OQ,Hotels & Entertainment Services,BKNG.OQ,2024-12-02,35.4481047611771,75,59,98,67.8668423772677
67,BWA.N,Automobiles & Auto Parts,BWA.N,2024-12-02,8.50627188840723,37,88,76,1.31908706712986
68,BSX.N,Healthcare Equipment & Supplies,BSX.N,2024-12-02,74.755307188678,88,43,63,65.1086361178799
69,BFH.N,Banking Services,BFH.N,2024-12-02,9.56737780691379,90,99,86,110.049275314332
73,BFb.N,Beverages,BFb.N,2024-12-02,20.3045196570664,1,6,56,-29.1809046802148
74,BXP.N,Residential & Commercial REITs,BXP.N,2024-12-02,35.079044954785,53,71,19,34.3524771619663
78,CPB.OQ,Food & Tobacco,CPB.OQ,2024-12-02,24.3983533882204,48,64,26,16.4914674825289
79,COF.N,Banking Services,COF.N,2024-12-02,17.7038606349674,84,88,53,65.849170562435
81,CAH.N,Pharmaceuticals,CAH.N,2024-12-02,23.820128562954,37,64,96,16.1713098179756
83,KMX.N,Specialty Retailers,KMX.N,2024-12-02,31.3985134966801,52,62,13,21.8219097798752
84,CCL.N,Hotels & Entertainment Services,CCL.N,2024-12-02,23.1415113659635,66,87,78,58.9602446449664
85,CAT.N,"""Machinery", Tools, Heavy Vehicles," Trains & Ships""",CAT.N,2024-12-02,18.6672862660419,64,31,88,60.5270226636952
86,CBRE.N,Real Estate Operations,CBRE.N,2024-12-02,44.532901701962,83,59,30,68.398637141972
88,COR.N,Healthcare Equipment & Supplies,COR.N,2024-12-02,33.2914531019129,33,39,95,23.7276376841931
89,CNP.N,Multiline Utilities,CNP.N,2024-12-02,21.2086054297743,34,60,23,14.0646361259743
91,CF.N,Chemicals,CF.N,2024-12-02,14.4092082064053,18,49,61,26.2818619058001
92,CHRW.OQ,Freight & Logistics Services,CHRW.OQ,2024-12-02,36.7243460486222,56,74,34,26.5377889374008
93,SCHW.N,Investment Banking & Investment Services,SCHW.N,2024-12-02,30.9244272198792,51,53,48,31.8540863099593
94,CVX.N,Oil & Gas,CVX.N,2024-12-02,17.8516598709081,43,57,38,16.7364575102937
95,CMG.N,Hotels & Entertainment Services,CMG.N,2024-12-02,56.2628947417335,66,37,87,36.4005046880811
96,CB.N,Insurance,CB.N,2024-12-02,11.8705090467028,87,72,45,28.8617775613994
98,CI.N,Healthcare Providers & Services,CI.N,2024-12-02,31.7904954850442,28,67,94,30.3905886449549
99,CINF.OQ,Insurance,CINF.OQ,2024-12-02,8.09803566876886,94,66,76,56.0406561232589
100,CTAS.OQ,Professional & Commercial Services,CTAS.OQ,2024-12-02,56.2404009376768,99,47,88,61.7359642550624
101,CSCO.OQ,Communications & Networking,CSCO.OQ,2024-12-02,25.5878136046397,69,80,40,27.7024527402965
102,C.N,Investment Banking & Investment Services,C.N,2024-12-02,20.6558126481047,75,100,4,55.0412332362149
105,CLX.N,Personal & Household Products & Services,CLX.N,2024-12-02,58.2894663157305,65,53,73,19.6387967178153
106,CME.OQ,Investment Banking & Investment Services,CME.OQ,2024-12-02,24.7749476604126,46,49,88,12.2853657878198
107,CMS.N,Multiline Utilities,CMS.N,2024-12-02,20.3515098499523,66,61,13,21.1617735832655
108,CNX.N,Oil & Gas,CNX.N,2024-12-02,11.0339236543058,97,82,7,88.8516746410428
109,KO.N,Beverages,KO.N,2024-12-02,26.435249214003,47,26,73,11.9849312896105
110,CCEP.OQ,Beverages,CCEP.OQ,2024-12-02,20.7691754533651,64,47,80,26.7506865302779
111,CTSH.OQ,Software & IT Services,CTSH.OQ,2024-12-02,17.8801353952346,51,59,71,15.4221959131021
112,CL.N,Personal & Household Products & Services,CL.N,2024-12-02,27.9013239553165,79,30,99,25.6556966324781
113,CMCSA.OQ,Telecommunications Services,CMCSA.OQ,2024-12-02,11.6661995515695,29,84,83,3.5061558656154
114,CMA.N,Banking Services,CMA.N,2024-12-02,17.7537418060134,71,98,43,51.6387736435628
115,CAG.N,Food & Tobacco,CAG.N,2024-12-02,27.0959950132461,28,71,59,0.654998813478924
116,COP.N,Oil & Gas,COP.N,2024-12-02,12.601270812161,28,39,53,-4.75027521770363
117,ED.N,Electric Utilities & IPPs,ED.N,2024-12-02,18.5452957080349,53,81,18,10.8842631631836
118,STZ.N,Beverages,STZ.N,2024-12-02,76.8795491216214,11,16,48,0.537891912674016
119,GLW.N,Electronic Equipment & Parts,GLW.N,2024-12-02,280.043223568219,84,74,18,75.6102810928078
120,COST.OQ,Diversified Retail,COST.OQ,2024-12-02,58.8665739291717,65,22,89,67.41739521435
121,CTRA.N,Oil & Gas,CTRA.N,2024-12-02,15.8430391430549,40,95,52,4.47694733943134
124,CCI.N,Residential & Commercial REITs,CCI.N,2024-12-02,37.3037321441854,39,33,69,-5.85821862045439
125,CSX.OQ,Freight & Logistics Services,CSX.OQ,2024-12-02,19.5836454465599,30,21,55,9.4295810666426
126,CMI.N,Automobiles & Auto Parts,CMI.N,2024-12-02,25.0709668502413,83,80,88,67.005041397146
127,CVS.N,Healthcare Providers & Services,CVS.N,2024-12-02,15.010925351898,9,57,82,-10.0949301480912
128,DHR.N,Healthcare Equipment & Supplies,DHR.N,2024-12-02,45.5316555301648,27,11,46,9.07987852821046
129,DRI.N,Hotels & Entertainment Services,DRI.N,2024-12-02,19.8132029655296,36,65,55,10.675520029044
130,DVA.N,Healthcare Providers & Services,DVA.N,2024-12-02,17.6513391581818,68,79,87,53.6166619743256
131,DE.N,"""Machinery", Tools, Heavy Vehicles," Trains & Ships""",DE.N,2024-12-02,18.0843234560648,38,7,34,27.3433127612643
132,DAL.N,Passenger Transportation Services,DAL.N,2024-12-02,8.80057624968599,72,93,60,67.9599265852731
135,DVN.N,Oil & Gas,DVN.N,2024-12-02,6.97362224142343,28,51,60,-11.9609729838057
138,DFS.N,Banking Services,DFS.N,2024-12-02,14.5357611522078,93,85,82,94.0882324301812
139,DG.N,Diversified Retail,DG.N,2024-12-02,12.0875825301102,5,43,39,-41.1537597745202
141,D.N,Electric Utilities & IPPs,D.N,2024-12-02,21.5789434070194,65,81,29,30.5864776826225
142,DOV.N,"""Machinery", Tools, Heavy Vehicles," Trains & Ships""",DOV.N,2024-12-02,18.7328297646088,91,19,49,44.3152231428149
144,DHI.N,Homebuilding & Construction Supplies,DHI.N,2024-12-02,11.6578930691249,55,44,45,29.3561482443691
145,DTE.N,Electric Utilities & IPPs,DTE.N,2024-12-02,16.7329350461577,58,64,14,18.1676293682346
146,DUK.N,Electric Utilities & IPPs,DUK.N,2024-12-02,20.5339394749744,76,84,36,29.2132447143135
150,EMN.N,Chemicals,EMN.N,2024-12-02,13.9658107523483,44,70,65,27.0594542638607
151,ETN.N,"""Machinery", Tools, Heavy Vehicles," Trains & Ships""",ETN.N,2024-12-02,39.5933654360621,77,42,75,65.1401214716617
152,EBAY.OQ,Software & IT Services,EBAY.OQ,2024-12-02,15.8863086525936,75,83,99,54.7092222102918
153,ECL.N,Chemicals,ECL.N,2024-12-02,34.8440118647752,56,32,83,31.0841111930924
154,EIX.N,Electric Utilities & IPPs,EIX.N,2024-12-02,25.1718866003281,72,87,14,32.7912436368301
155,EW.N,Healthcare Equipment & Supplies,EW.N,2024-12-02,29.7873957884601,19,4,75,1.95143104609741
157,EA.OQ,Software & IT Services,EA.OQ,2024-12-02,42.6712467892432,84,61,78,21.050055209956
158,ELV.N,Healthcare Providers & Services,ELV.N,2024-12-02,14.9578989034252,20,29,80,-13.9962880494835
160,EMR.N,"""Machinery", Tools, Heavy Vehicles," Trains & Ships""",EMR.N,2024-12-02,49.701648919174,59,33,22,53.3152203985152
161,ETR.N,Electric Utilities & IPPs,ETR.N,2024-12-02,18.669285036431,79,73,41,57.27484778401
162,EOG.N,Oil & Gas,EOG.N,2024-12-02,10.5799461490092,60,56,74,11.2383035209904
163,EQT.N,Oil & Gas,EQT.N,2024-12-02,52.8884982659509,47,47,25,16.2865893816194
164,EFX.N,Professional & Commercial Services,EFX.N,2024-12-02,57.4430620904656,30,8,36,15.5905440625891
165,EQR.N,Residential & Commercial REITs,EQR.N,2024-12-02,30.8706052263393,76,65,79,33.4785160420293
166,EL.N,Personal & Household Products & Services,EL.N,2024-12-02,135.562375107051,5,2,50,-44.1121870436606
169,EXC.OQ,Electric Utilities & IPPs,EXC.OQ,2024-12-02,16.1549052051888,45,76,29,3.20178768087658
171,EXPE.OQ,Hotels & Entertainment Services,EXPE.OQ,2024-12-02,23.8485633628524,55,79,99,32.3201258734531
172,EXPD.N,Freight & Logistics Services,EXPD.N,2024-12-02,23.6892143574542,14,24,63,0.924359554102216
173,XOM.N,Oil & Gas,XOM.N,2024-12-02,14.6945870054215,75,57,45,18.9760909161698
174,FFIV.OQ,Software & IT Services,FFIV.OQ,2024-12-02,26.3951568749993,76,61,75,45.6194051355871
176,FAST.OQ,"""Machinery", Tools, Heavy Vehicles," Trains & Ships""",FAST.OQ,2024-12-02,41.0837727297575,56,29,93,39.4900681196014
177,FDX.N,Freight & Logistics Services,FDX.N,2024-12-02,18.3058130165072,35,53,50,13.9527428880921
178,FIS.N,Financial Technology (Fintech) & Infrastructure,FIS.N,2024-12-02,86.7681833007175,98,79,63,45.3442467878893
179,FITB.OQ,Banking Services,FITB.OQ,2024-12-02,15.8612135478837,90,84,47,61.1036314380176
180,FSLR.OQ,Renewable Energy,FSLR.OQ,2024-12-02,17.9086685466519,45,57,25,30.3246834656735
181,FE.N,Electric Utilities & IPPs,FE.N,2024-12-02,26.8596375660351,73,84,12,16.7587122119584
182,FI.N,Professional & Commercial Services,FI.N,2024-12-02,42.1507674560813,100,70,62,67.6332949693301
184,FLS.N,"""Machinery", Tools, Heavy Vehicles," Trains & Ships""",FLS.N,2024-12-02,30.0621891161637,94,78,84,58.4507010423372
185,FLR.N,Construction & Engineering,FLR.N,2024-12-02,36.8877971070757,97,33,56,41.0184237480457
186,FMC.N,Chemicals,FMC.N,2024-12-02,4.87235304784638,17,49,19,11.1965898988476
188,F.N,Automobiles & Auto Parts,F.N,2024-12-02,12.5243814803408,6,53,42,9.77425373753396
191,BEN.N,Investment Banking & Investment Services,BEN.N,2024-12-02,26.8957388291603,14,66,24,-7.41914751416973
192,FCX.N,Metals & Mining,FCX.N,2024-12-02,31.4790236020544,15,12,49,17.5294902233315
194,GME.N,Specialty Retailers,GME.N,2024-12-02,212.019903591976,84,17,13,60.6007067223512
195,GAP.N,Specialty Retailers,GAP.N,2024-12-02,12.0252899161817,50,95,100,27.2914631768618
196,GRMN.N,Communications & Networking,GRMN.N,2024-12-02,27.1341478916566,87,70,87,75.3242631939636
197,GE.N,Aerospace & Defense,GE.N,2024-12-02,31.3064419024684,95,40,93,87.2263616529499
198,GEN.OQ,Software & IT Services,GEN.OQ,2024-12-02,31.5139535594567,77,75,75,40.3631541578012
199,GD.N,Aerospace & Defense,GD.N,2024-12-02,21.0642618478853,86,51,80,11.8137571575189
200,GIS.N,Food & Tobacco,GIS.N,2024-12-02,15.9685252527178,28,56,65,6.88982012550514
201,GPC.N,Automobiles & Auto Parts,GPC.N,2024-12-02,16.3908510441408,27,30,76,-5.16224671493993
202,GNW.N,Insurance,GNW.N,2024-12-02,35.2470930232558,60,80,21,25.1612903163824
203,GILD.OQ,Pharmaceuticals,GILD.OQ,2024-12-02,1119.41897844982,39,81,81,24.9723111276874
204,GL.N,Insurance,GL.N,2024-12-02,9.31293019618596,32,89,78,-10.8469483721943
205,GM.N,Automobiles & Auto Parts,GM.N,2024-12-02,5.87495023263906,39,95,33,67.7863491868906
206,GS.N,Investment Banking & Investment Services,GS.N,2024-12-02,17.6585456901774,97,88,5,76.3819800565722
208,GHC.N,"""Schools"," Colleges & Universities""",GHC.N,2024-12-02,18.5640980583721,78,78,30,48.8111349573584
209,HRB.N,Personal & Household Products & Services,HRB.N,2024-12-02,14.4926114896424,93,84,82,29.7373039048114
210,HAL.N,Oil & Gas Related Equipment and Services,HAL.N,2024-12-02,11.011056412475,23,42,69,-13.8216539735247
211,HOG.N,Automobiles & Auto Parts,HOG.N,2024-12-02,7.67322825768338,3,25,54,8.75226899603652
213,HIG.N,Insurance,HIG.N,2024-12-02,12.1415843755978,91,80,67,56.9489339070056
215,DOC.N,Residential & Commercial REITs,DOC.N,2024-12-02,46.081478012856,58,73,65,24.6301510644315
216,HP.N,Oil & Gas Related Equipment and Services,HP.N,2024-12-02,10.2778345847089,25,70,21,-0.443520400215292
217,HSY.N,Food & Tobacco,HSY.N,2024-12-02,25.9582146027001,17,8,72,-3.99085984455307
218,HES.N,Oil & Gas,HES.N,2024-12-02,17.1503526698814,28,44,29,5.05896699606525
219,HD.N,Specialty Retailers,HD.N,2024-12-02,29.0029127901922,66,48,88,34.9865218491555
220,HON.OQ,Consumer Goods Conglomerates,HON.OQ,2024-12-02,26.560785446145,57,25,51,18.3836146641086
221,HRL.N,Food & Tobacco,HRL.N,2024-12-02,22.5783110524134,12,28,39,4.90578401238422
223,HST.OQ,Residential & Commercial REITs,HST.OQ,2024-12-02,18.0119295977434,18,55,85,7.36407924629854
224,HWM.N,Aerospace & Defense,HWM.N,2024-12-02,45.0344962174697,98,44,75,123.106352233729
225,HPQ.N,"""Computers"," Phones & Household Electronics""",HPQ.N,2024-12-02,12.9558080763202,93,69,78,29.83923233272
227,HUM.N,Healthcare Providers & Services,HUM.N,2024-12-02,25.9534320365914,16,13,90,-39.8420386456096
228,HBAN.OQ,Banking Services,HBAN.OQ,2024-12-02,17.2671651937458,85,74,41,58.1658336992023
229,IBM.N,Software & IT Services,IBM.N,2024-12-02,31.1263753562443,73,55,80,46.25372495351
231,ITW.N,Consumer Goods Conglomerates,ITW.N,2024-12-02,24.0890282044895,33,29,87,15.0113638660816
233,ICE.N,Investment Banking & Investment Services,ICE.N,2024-12-02,37.4959730144592,92,42,43,39.3891043815562
234,IPG.N,Media & Publishing,IPG.N,2024-12-02,14.2170028179119,19,48,55,-0.258233265737728
236,IP.N,Containers & Packaging,IP.N,2024-12-02,49.7155346163332,91,81,49,63.1023232528779
237,INTU.OQ,Financial Technology (Fintech) & Infrastructure,INTU.OQ,2024-12-02,61.6823011767956,56,12,89,11.8155255374257
238,ISRG.OQ,Healthcare Equipment & Supplies,ISRG.OQ,2024-12-02,87.2610308005639,85,40,76,74.0796562400772
240,IRM.N,Residential & Commercial REITs,IRM.N,2024-12-02,343.620178041543,82,40,16,89.4750371646109
241,SJM.N,Food & Tobacco,SJM.N,2024-12-02,24.0573126545327,13,47,18,10.3359719482786
242,JBL.N,Electronic Equipment & Parts,JBL.N,2024-12-02,12.2698439926412,16,28,85,17.5068283193142
243,J.N,Professional & Commercial Services,J.N,2024-12-02,29.2433362534158,42,7,83,30.6048013508656
244,JEF.N,Investment Banking & Investment Services,JEF.N,2024-12-02,33.1119379923718,97,87,16,117.619706020499
246,JCI.N,"""Machinery", Tools, Heavy Vehicles," Trains & Ships""",JCI.N,2024-12-02,40.0212375157846,89,34,45,57.7978402538988
247,JNJ.N,Pharmaceuticals,JNJ.N,2024-12-02,25.4469657616665,12,44,98,0.530902409237632
248,JPM.N,Banking Services,JPM.N,2024-12-02,13.698249127345,93,66,43,59.5653726399546
249,JNPR.N,Communications & Networking,JNPR.N,2024-12-02,46.9611074489123,67,66,73,26.2787851488997
251,K.N,Food & Tobacco,K.N,2024-12-02,33.6919627760173,73,49,79,55.5490672431738
252,KDP.OQ,Beverages,KDP.OQ,2024-12-02,19.6926875616531,33,46,27,3.63867483964118
253,KEY.N,Banking Services,KEY.N,2024-12-02,2144.78114478116,84,91,46,48.1612985538553
254,KMB.N,Personal & Household Products & Services,KMB.N,2024-12-02,18.0914762909103,85,60,99,16.5853761659675
255,KIM.N,Residential & Commercial REITs,KIM.N,2024-12-02,46.4824815231214,82,76,51,29.2045771105188
256,KMI.N,Oil & Gas Related Equipment and Services,KMI.N,2024-12-02,24.1213804743403,99,71,36,62.7092705942753
257,KLAC.OQ,Semiconductors & Semiconductor Equipment,KLAC.OQ,2024-12-02,30.4241650176233,40,53,93,24.5079553948032
258,KSS.N,Diversified Retail,KSS.N,2024-12-02,6.95621596277996,10,58,47,-34.0822634335659
261,KR.N,Food & Drug Retailing,KR.N,2024-12-02,15.74244676619,44,72,57,37.7996906815564
263,LHX.N,Aerospace & Defense,LHX.N,2024-12-02,38.3469831874647,100,80,17,24.355464938836
264,LH.N,Healthcare Providers & Services,LH.N,2024-12-02,46.6312809213471,37,57,76,9.81863710526385
265,LRCX.OQ,Semiconductors & Semiconductor Equipment,LRCX.OQ,2024-12-02,25.4054648769691,18,22,93,11.6418764432083
268,LEN.N,Homebuilding & Construction Supplies,LEN.N,2024-12-02,11.4708883309319,54,70,89,33.6128747573649
270,LLY.N,Pharmaceuticals,LLY.N,2024-12-02,86.3920153816241,24,11,88,37.4498379536249
271,LIN.OQ,Chemicals,LIN.OQ,2024-12-02,34.8926706339568,28,15,63,14.0772196175448
273,LNC.N,Insurance,LNC.N,2024-12-02,24.8957670835983,83,100,5,51.748633688648
274,LMT.N,Aerospace & Defense,LMT.N,2024-12-02,18.8210051300749,91,57,95,18.4837253419763
275,L.N,Insurance,L.N,2024-12-02,11.4377653346502,77,98,66,22.2226347407126
277,LOW.N,Specialty Retailers,LOW.N,2024-12-02,22.6941326428467,75,54,72,33.5930739457389
280,LYB.N,Chemicals,LYB.N,2024-12-02,12.4526291666224,8,49,75,-7.75295588543155
281,MTB.N,Banking Services,MTB.N,2024-12-02,15.959741406165,97,88,48,65.814122425435
282,MAC.N,Residential & Commercial REITs,MAC.N,2024-12-02,57.2659422675886,43,32,62,74.1694058429915
283,M.N,Diversified Retail,M.N,2024-12-02,25.89635340186,8,92,47,0.54156608151692
285,MPC.N,Oil & Gas,MPC.N,2024-12-02,12.4344645028071,33,41,69,6.10404221400307
286,MAR.OQ,Hotels & Entertainment Services,MAR.OQ,2024-12-02,29.9331878364007,57,27,89,37.9195247981553
287,MMC.N,Insurance,MMC.N,2024-12-02,28.7486137034565,84,55,41,19.8065336908751
288,MAS.N,Homebuilding & Construction Supplies,MAS.N,2024-12-02,21.4279820164663,55,33,93,30.9480936052671
289,MA.N,Software & IT Services,MA.N,2024-12-02,40.1639331870976,71,18,78,30.9115228375716
290,MAT.OQ,Leisure Products,MAT.OQ,2024-12-02,11.896153870337,32,62,90,-2.97435897188084
291,MKC.N,Food & Tobacco,MKC.N,2024-12-02,26.667800935772,47,44,69,20.0672164415157
292,MCD.N,Hotels & Entertainment Services,MCD.N,2024-12-02,25.6718404209465,44,23,59,4.68499431306593
293,MCK.N,Pharmaceuticals,MCK.N,2024-12-02,32.2090151441316,51,70,99,35.902921582815
295,MDT.N,Healthcare Equipment & Supplies,MDT.N,2024-12-02,26.4050771953378,38,54,58,12.1711691602012
296,MRK.N,Pharmaceuticals,MRK.N,2024-12-02,21.0995860194533,3,33,73,-1.6991223262705
297,META.OQ,Software & IT Services,META.OQ,2024-12-02,27.3286616963104,61,52,87,85.8036593314421
298,MET.N,Insurance,MET.N,2024-12-02,17.5208978250128,79,85,14,38.7422088572905
299,MCHP.OQ,Semiconductors & Semiconductor Equipment,MCHP.OQ,2024-12-02,49.0385487212036,9,5,71,-14.8867907854315
300,MU.OQ,Semiconductors & Semiconductor Equipment,MU.OQ,2024-12-02,151.538449710147,44,51,42,33.2298638094753
301,MSFT.OQ,Software & IT Services,MSFT.OQ,2024-12-02,35.574815823686,55,19,59,17.6183396554376
302,MHK.N,Household Goods,MHK.N,2024-12-02,15.1370136791615,68,84,46,48.3621721649309
303,TAP.N,Beverages,TAP.N,2024-12-02,13.9410151386659,5,66,50,1.61331238484477
304,MDLZ.OQ,Food & Tobacco,MDLZ.OQ,2024-12-02,23.1388365666692,14,15,79,-6.11620403776405
306,MNST.OQ,Beverages,MNST.OQ,2024-12-02,35.323520530431,3,2,80,-0.344390066702038
307,MCO.N,Professional & Commercial Services,MCO.N,2024-12-02,45.1327232886159,87,42,83,34.0697237139883
308,MS.N,Investment Banking & Investment Services,MS.N,2024-12-02,19.9127080857479,96,90,14,67.2092448984576
309,MOS.N,Chemicals,MOS.N,2024-12-02,24.3010582150441,1,37,36,-21.4990844182578
310,MSI.N,Communications & Networking,MSI.N,2024-12-02,54.4365157561218,100,52,89,55.1263150803879
311,MUR.N,Oil & Gas,MUR.N,2024-12-02,10.397488665902,21,51,43,-22.0459118741304
313,NDAQ.OQ,Investment Banking & Investment Services,NDAQ.OQ,2024-12-02,48.7864628768777,97,60,12,47.4184732044219
314,NTAP.OQ,"""Computers"," Phones & Household Electronics""",NTAP.OQ,2024-12-02,22.6501544119943,96,75,94,39.1064627666838
315,NFLX.OQ,Software & IT Services,NFLX.OQ,2024-12-02,50.7965715397969,89,43,99,97.7836527864548
318,NWSA.OQ,Media & Publishing,NWSA.OQ,2024-12-02,47.506129823203,66,38,49,34.522974144116
319,NEE.N,Electric Utilities & IPPs,NEE.N,2024-12-02,22.8080507358533,68,51,45,35.2311787527452
321,NKE.N,Textiles & Apparel,NKE.N,2024-12-02,22.6854215547359,12,9,92,-30.1295810242588
322,NI.N,Multiline Utilities,NI.N,2024-12-02,22.7043390514632,80,66,11,46.3981225937008
325,JWN.N,Diversified Retail,JWN.N,2024-12-02,14.905114018305,75,96,35,45.1619476200175
326,NSC.N,Freight & Logistics Services,NSC.N,2024-12-02,25.5905050078578,49,47,44,22.2656323166326
327,NTRS.OQ,Investment Banking & Investment Services,NTRS.OQ,2024-12-02,13.6823075026707,83,92,29,41.0614726654552
328,NOC.N,Aerospace & Defense,NOC.N,2024-12-02,30.0377245316036,69,66,60,2.61234481738541
329,NOV.N,Oil & Gas Related Equipment and Services,NOV.N,2024-12-02,6.03758452061356,27,49,27,-13.3166940350741
330,NRG.N,Electric Utilities & IPPs,NRG.N,2024-12-02,24.9170892628402,69,90,3,111.64669150666
331,NUE.N,Metals & Mining,NUE.N,2024-12-02,14.992444812616,1,10,90,-5.38621933667907
332,NVDA.OQ,Semiconductors & Semiconductor Equipment,NVDA.OQ,2024-12-02,54.6243321197219,83,51,100,204.705482062684
334,OXY.N,Oil & Gas,OXY.N,2024-12-02,13.7999742721622,21,25,70,-11.5693915548532
335,OMC.N,Media & Publishing,OMC.N,2024-12-02,14.3360514628889,77,84,83,31.3681881194027
336,OKE.N,Oil & Gas Related Equipment and Services,OKE.N,2024-12-02,23.1168863789545,96,87,20,65.2139191418301
337,ORCL.N,Software & IT Services,ORCL.N,2024-12-02,46.7819216149446,99,43,68,58.6017280936672
338,ORLY.OQ,Specialty Retailers,ORLY.OQ,2024-12-02,30.8449012226932,66,26,97,26.8098696066621
340,PCAR.OQ,"""Machinery", Tools, Heavy Vehicles," Trains & Ships""",PCAR.OQ,2024-12-02,12.9937926247036,34,33,84,29.5913446211884
343,PH.N,"""Machinery", Tools, Heavy Vehicles," Trains & Ships""",PH.N,2024-12-02,31.6257501462379,89,33,73,61.6693225759307
344,PDCO.OQ,Healthcare Equipment & Supplies,PDCO.OQ,2024-12-02,11.9609643083514,5,51,38,-12.5083938385467
345,PAYX.OQ,Professional & Commercial Services,PAYX.OQ,2024-12-02,30.9862335482167,53,34,64,20.6740704171102
347,PNR.N,"""Machinery", Tools, Heavy Vehicles," Trains & Ships""",PNR.N,2024-12-02,27.2583486826299,83,54,59,65.6188512809839
350,PEP.OQ,Beverages,PEP.OQ,2024-12-02,24.0304547879631,13,22,78,-1.34542065121752
353,PFE.N,Pharmaceuticals,PFE.N,2024-12-02,34.7126993089726,17,69,25,-6.44622149086489
354,PCG.N,Electric Utilities & IPPs,PCG.N,2024-12-02,16.009660330321,67,77,14,19.2579675133844
355,PM.N,Food & Tobacco,PM.N,2024-12-02,20.7802671522057,98,82,72,48.4917800121535
356,PSX.N,Oil & Gas,PSX.N,2024-12-02,17.4958930882053,22,29,28,9.72215182998832
357,PNW.N,Electric Utilities & IPPs,PNW.N,2024-12-02,17.5047824687009,75,57,24,28.7310762401253
361,PNC.N,Banking Services,PNC.N,2024-12-02,17.8771856965598,91,91,17,56.0016059193245
362,PPG.N,Chemicals,PPG.N,2024-12-02,19.977828844388,1,14,82,-10.1629518216744
363,PPL.N,Multiline Utilities,PPL.N,2024-12-02,30.9731727716673,73,80,37,35.4103269189344
366,PG.N,Personal & Household Products & Services,PG.N,2024-12-02,30.9939271220147,70,31,89,21.1132645023825
367,PGR.N,Insurance,PGR.N,2024-12-02,19.1876566482062,95,73,76,62.6083771742056
368,PLD.N,Residential & Commercial REITs,PLD.N,2024-12-02,34.9953929580231,5,18,25,-0.813435880230506
369,PRU.N,Insurance,PRU.N,2024-12-02,11.4148005721179,86,99,33,36.5355274901733
370,PEG.N,Multiline Utilities,PEG.N,2024-12-02,22.7164177634656,76,54,66,50.8361729274747
371,PSA.N,Residential & Commercial REITs,PSA.N,2024-12-02,35.6809897386173,67,37,69,33.0239943286428
372,PHM.N,Homebuilding & Construction Supplies,PHM.N,2024-12-02,9.95975269390159,61,75,68,49.5159421270166
373,PVH.N,Textiles & Apparel,PVH.N,2024-12-02,8.91210152276125,18,61,61,6.75757479113277
375,QCOM.OQ,Semiconductors & Semiconductor Equipment,QCOM.OQ,2024-12-02,18.2236649430028,39,55,76,27.2807735436416
376,PWR.N,Construction & Engineering,PWR.N,2024-12-02,63.2646347864012,91,32,88,80.7735739124875
377,DGX.N,Healthcare Providers & Services,DGX.N,2024-12-02,21.6815519539708,75,83,57,20.0066573164412
378,RL.N,Textiles & Apparel,RL.N,2024-12-02,22.2201490228408,69,73,96,83.9889631805735
379,RRC.N,Oil & Gas,RRC.N,2024-12-02,17.3113160765645,44,36,17,11.1425021284169
382,REGN.OQ,Biotechnology & Medical Research,REGN.OQ,2024-12-02,18.8603717943009,34,19,87,-7.4065976795897
383,RF.N,Banking Services,RF.N,2024-12-02,14.9815906575411,90,97,63,59.6030700940798
384,RSG.N,Professional & Commercial Services,RSG.N,2024-12-02,34.3851275045829,98,36,54,33.7923102806784
385,RVTY.N,Healthcare Equipment & Supplies,RVTY.N,2024-12-02,55.7099074843181,34,13,50,27.5102610450884
387,RHI.N,Professional & Commercial Services,RHI.N,2024-12-02,27.2102390473133,4,6,77,-9.39267025915128
388,ROK.N,"""Machinery", Tools, Heavy Vehicles," Trains & Ships""",ROK.N,2024-12-02,35.887612058199,30,6,29,8.29573758567779
390,ROP.OQ,Software & IT Services,ROP.OQ,2024-12-02,41.8943560537687,52,29,48,6.52786315897274
391,ROST.OQ,Specialty Retailers,ROST.OQ,2024-12-02,24.6174967488404,55,22,93,18.75987324925
393,RTX.N,Aerospace & Defense,RTX.N,2024-12-02,33.7619481110605,97,54,60,46.1184080417435
394,R.N,Freight & Logistics Services,R.N,2024-12-02,15.8511596340333,93,90,7,60.2087873269801
395,SPGI.N,Professional & Commercial Services,SPGI.N,2024-12-02,46.1326710222736,79,44,77,24.2255645699293
397,CRM.N,Software & IT Services,CRM.N,2024-12-02,57.5998134588078,47,26,81,32.6481338300634
400,SLB.N,Oil & Gas Related Equipment and Services,SLB.N,2024-12-02,14.0473223800923,25,47,78,-14.1404525551663
402,STX.OQ,"""Computers"," Phones & Household Electronics""",STX.OQ,2024-12-02,27.4378485918022,77,95,96,35.2447125943442
403,SEE.N,Containers & Packaging,SEE.N,2024-12-02,13.5054375894583,34,64,32,11.1581943483144
404,SRE.N,Multiline Utilities,SRE.N,2024-12-02,20.2720103186954,70,83,30,30.7205313880271
405,SHW.N,Chemicals,SHW.N,2024-12-02,39.4078168101366,34,12,89,41.7302113336472
407,SPG.N,Residential & Commercial REITs,SPG.N,2024-12-02,19.9448402059475,83,62,90,46.149718456298
408,SLM.OQ,Banking Services,SLM.OQ,2024-12-02,9.23023457862728,75,97,67,70.3511748736986
409,SNA.N,"""Machinery", Tools, Heavy Vehicles," Trains & Ships""",SNA.N,2024-12-02,18.8685358627156,61,48,74,34.0494853785102
410,SO.N,Electric Utilities & IPPs,SO.N,2024-12-02,20.4670316857727,82,70,30,27.6321411403901
417,SBUX.OQ,Hotels & Entertainment Services,SBUX.OQ,2024-12-02,30.6998575545965,46,7,85,6.70306996426995
419,STT.N,Investment Banking & Investment Services,STT.N,2024-12-02,15.4882846444315,88,99,20,37.1191168903735
421,SYK.N,Healthcare Equipment & Supplies,SYK.N,2024-12-02,41.767253392792,53,31,76,35.1892263826885
425,SYY.N,Food & Drug Retailing,SYY.N,2024-12-02,19.6127844393758,21,45,48,7.3570625922458
426,TROW.OQ,Investment Banking & Investment Services,TROW.OQ,2024-12-02,13.5376017728959,48,88,74,26.7268610226453
427,TPR.N,Specialty Retailers,TPR.N,2024-12-02,18.6816937914755,56,74,96,102.465207707805
428,TGT.N,Diversified Retail,TGT.N,2024-12-02,13.8517422762126,24,21,67,0.779032940521773
429,TEL.N,Electronic Equipment & Parts,TEL.N,2024-12-02,15.0174082442487,59,52,51,19.8210754095488
431,TGNA.N,Media & Publishing,TGNA.N,2024-12-02,6.63884271212818,55,72,72,24.06961152332
432,THC.N,Healthcare Providers & Services,THC.N,2024-12-02,4.54348427630705,85,87,84,96.4181994096951
433,TDC.N,Software & IT Services,TDC.N,2024-12-02,37.4852314632487,16,47,74,-34.3436454813099
434,TXN.OQ,Semiconductors & Semiconductor Equipment,TXN.OQ,2024-12-02,37.4967247508488,76,20,33,31.8338752118525
435,TXT.N,Aerospace & Defense,TXT.N,2024-12-02,18.6834568549004,41,26,67,10.7021626089235
437,TMO.N,Healthcare Equipment & Supplies,TMO.N,2024-12-02,33.2341857765587,22,16,50,7.27174986911496
440,TJX.N,Diversified Retail,TJX.N,2024-12-02,29.7065131159234,92,35,96,44.4398259523784
441,TT.N,"""Machinery", Tools, Heavy Vehicles," Trains & Ships""",TT.N,2024-12-02,38.008309249217,97,57,91,83.0118006667545
443,TNL.N,Hotels & Entertainment Services,TNL.N,2024-12-02,10.1855106280789,78,92,49,54.7034508766951
444,TRV.N,Insurance,TRV.N,2024-12-02,13.5204610430524,79,79,35,46.6532906417466
445,TRIP.OQ,Hotels & Entertainment Services,TRIP.OQ,2024-12-02,66.6143839092125,9,60,99,-20.2650469351055
449,TSN.N,Food & Tobacco,TSN.N,2024-12-02,28.5592535710164,46,79,61,33.4549010042767
450,X.N,Metals & Mining,X.N,2024-12-02,26.7857142857143,3,28,19,12.6413802113391
451,UNP.N,Freight & Logistics Services,UNP.N,2024-12-02,22.1206742588775,43,24,53,5.1778347724909
452,UNH.N,Healthcare Providers & Services,UNH.N,2024-12-02,39.5691429351731,49,22,84,12.3020828568893
453,UNM.N,Insurance,UNM.N,2024-12-02,8.26544696744161,90,99,56,81.5923418947857
454,UPS.N,Freight & Logistics Services,UPS.N,2024-12-02,20.2580551541499,3,46,47,-9.95668075306579
455,URBN.OQ,Specialty Retailers,URBN.OQ,2024-12-02,14.6229401132598,41,89,79,38.7228260861365
456,USB.N,Banking Services,USB.N,2024-12-02,16.1611892577246,66,94,34,39.8331599652411
458,VLO.N,Oil & Gas,VLO.N,2024-12-02,12.5352537239471,38,46,52,14.09038527016
461,VRSN.OQ,Software & IT Services,VRSN.OQ,2024-12-02,22.3936768604877,24,10,97,-11.9965253951818
462,VZ.N,Telecommunications Services,VZ.N,2024-12-02,18.90126942391,45,91,58,22.9844929842135
467,V.N,Software & IT Services,V.N,2024-12-02,33.9598723327585,57,31,87,25.4045167662458
469,VMC.N,Construction Materials,VMC.N,2024-12-02,44.8416833166443,51,15,80,34.5852714693666
471,WMT.N,Food & Drug Retailing,WMT.N,2024-12-02,48.1975349749492,74,34,77,82.5420475046794
472,DIS.N,Media & Publishing,DIS.N,2024-12-02,43.1302964931785,32,51,49,28.335918750576
474,WM.N,Professional & Commercial Services,WM.N,2024-12-02,34.401135702028,82,58,48,30.5035710181155
475,WAT.N,Healthcare Equipment & Supplies,WAT.N,2024-12-02,36.9336396665954,24,19,53,34.0420374662946
477,WEC.N,Electric Utilities & IPPs,WEC.N,2024-12-02,24.3759263879309,60,68,29,21.8577982441856
478,WFC.N,Banking Services,WFC.N,2024-12-02,15.6516387648345,71,93,27,71.2558708324624
479,WELL.N,Residential & Commercial REITs,WELL.N,2024-12-02,166.957323301527,68,47,9,52.7406549602411
480,WDC.OQ,"""Computers"," Phones & Household Electronics""",WDC.OQ,2024-12-02,83.3749659369606,52,46,31,54.6871708422788
481,WU.N,Professional & Commercial Services,WU.N,2024-12-02,5.65888506187014,26,89,81,2.77515694613864
483,WY.N,Residential & Commercial REITs,WY.N,2024-12-02,43.7238436499904,13,6,75,4.25614847628844
484,WHR.N,Household Goods,WHR.N,2024-12-02,11.0849542889515,37,78,59,5.88413716821448
486,WMB.N,Oil & Gas Related Equipment and Services,WMB.N,2024-12-02,23.9399825274175,100,70,51,60.1068580633856
489,GWW.N,"""Machinery", Tools, Heavy Vehicles," Trains & Ships""",GWW.N,2024-12-02,32.1419447546949,77,32,78,50.1714396942917
490,WYNN.OQ,Hotels & Entertainment Services,WYNN.OQ,2024-12-02,11.6182833309773,24,21,91,15.8900313577449
491,XEL.OQ,Electric Utilities & IPPs,XEL.OQ,2024-12-02,21.1658456974176,50,76,24,20.2648357448892
495,XYL.N,"""Machinery", Tools, Heavy Vehicles," Trains & Ships""",XYL.N,2024-12-02,37.2101062894777,58,26,11,20.6125220505348
496,YUM.N,Hotels & Entertainment Services,YUM.N,2024-12-02,25.92242477127,38,16,93,12.8411686836462
497,ZBH.N,Healthcare Equipment & Supplies,ZBH.N,2024-12-02,21.0472983268826,11,32,59,-4.68630433050813
498,ZION.OQ,Banking Services,ZION.OQ,2024-12-02,13.6390123097094,83,94,68,60.4588634153806
499,ZTS.N,Pharmaceuticals,ZTS.N,2024-12-02,33.2413357448233,11,8,71,-1.94940353960847
500,TSCO.OQ,Specialty Retailers,TSCO.OQ,2024-12-02,28.2500116787866,76,29,55,39.1593098132955
502,ESS.N,Residential & Commercial REITs,ESS.N,2024-12-02,35.5440487183383,79,39,77,41.5913069613772
504,NAVI.OQ,Banking Services,NAVI.OQ,2024-12-02,21.7701031515359,26,73,38,-11.8595109121993
506,AVGO.OQ,Semiconductors & Semiconductor Equipment,AVGO.OQ,2024-12-02,135.057750957109,66,44,76,82.9633708184147
508,AMG.N,Investment Banking & Investment Services,AMG.N,2024-12-02,12.9563748704607,86,64,68,34.5825583673928
509,MLM.N,Construction Materials,MLM.N,2024-12-02,18.4341391730585,47,15,84,28.4798434399081
512,URI.N,Professional & Commercial Services,URI.N,2024-12-02,22.4044448661916,80,43,61,76.4897398593532
513,UHS.N,Healthcare Providers & Services,UHS.N,2024-12-02,13.3736596241992,67,79,69,44.3094573187728
515,RCL.N,Hotels & Entertainment Services,RCL.N,2024-12-02,26.0011459455581,92,64,75,116.247523895633
516,HCA.N,Healthcare Providers & Services,HCA.N,2024-12-02,14.7037571930064,63,47,84,28.4175440272306
518,SWKS.OQ,Semiconductors & Semiconductor Equipment,SWKS.OQ,2024-12-02,23.946440507343,19,25,79,-8.72730961510906
519,HSIC.OQ,Healthcare Equipment & Supplies,HSIC.OQ,2024-12-02,31.3249854635688,13,28,41,10.3736834580333
521,AAL.OQ,Passenger Transportation Services,AAL.OQ,2024-12-02,41.734510240809,23,95,90,9.43820224801926
523,EQIX.OQ,Residential & Commercial REITs,EQIX.OQ,2024-12-02,86.9486071046539,36,30,49,19.7171116487831
524,O.N,Residential & Commercial REITs,O.N,2024-12-02,53.9211489989061,64,58,5,7.91897880545773
527,JBHT.OQ,Freight & Logistics Services,JBHT.OQ,2024-12-02,34.3734617403609,20,14,16,0.413802330686797
530,KHC.OQ,Food & Tobacco,KHC.OQ,2024-12-02,28.4231917418984,10,57,41,-7.5350332227361
532,PYPL.OQ,Professional & Commercial Services,PYPL.OQ,2024-12-02,20.6683227439927,81,64,85,44.5781119446543
533,SIG.N,Specialty Retailers,SIG.N,2024-12-02,11.6770854370482,34,86,61,18.6870502272125
535,UAL.OQ,Passenger Transportation Services,UAL.OQ,2024-12-02,11.7436783119186,72,98,51,140.473840082106
539,VRSK.OQ,Software & IT Services,VRSK.OQ,2024-12-02,45.204074698691,58,26,95,23.056182484846
540,HPE.N,"""Computers"," Phones & Household Electronics""",HPE.N,2024-12-02,15.1311245451762,87,96,39,32.1386159421317
541,FCPT.N,Residential & Commercial REITs,FCPT.N,2024-12-02,27.0776025000468,82,68,17,24.9778332984193
542,SYF.N,Banking Services,SYF.N,2024-12-02,8.75565091197628,93,98,29,101.909284770629
545,CHD.N,Personal & Household Products & Services,CHD.N,2024-12-02,49.9663118178143,58,21,85,18.2661884595225
547,EXR.N,Residential & Commercial REITs,EXR.N,2024-12-02,45.3923052647907,63,41,25,29.0236637559371
548,CFG.N,Banking Services,CFG.N,2024-12-02,18.520631149121,94,89,30,71.717865111242
549,FRT.N,Residential & Commercial REITs,FRT.N,2024-12-02,33.3963747760178,80,62,49,19.2352728932248
551,AWK.N,Water & Related Utilities,AWK.N,2024-12-02,26.9231914703517,44,41,36,4.1801073633877
552,UDR.N,Residential & Commercial REITs,UDR.N,2024-12-02,121.509616158365,68,45,66,36.5366351635961
553,HOLX.OQ,Healthcare Equipment & Supplies,HOLX.OQ,2024-12-02,23.7897348799672,52,27,76,11.9297251355363
554,CNC.N,Healthcare Providers & Services,CNC.N,2024-12-02,10.4157814871017,11,63,95,-18.8707280880552
557,ULTA.OQ,Specialty Retailers,ULTA.OQ,2024-12-02,15.8180859899189,11,8,71,-19.0442928760474
558,GPN.N,Professional & Commercial Services,GPN.N,2024-12-02,22.2999554491705,22,48,14,-0.531569989849001
559,AYI.N,Homebuilding & Construction Supplies,AYI.N,2024-12-02,23.9653604663449,76,63,91,75.1731566922285
560,ALK.N,Passenger Transportation Services,ALK.N,2024-12-02,21.3809968145693,59,96,11,55.9859154848515
563,DLR.N,Residential & Commercial REITs,DLR.N,2024-12-02,151.932762478553,74,50,38,44.2152706683321
564,LKQ.OQ,Automobiles & Auto Parts,LKQ.OQ,2024-12-02,14.5487408746282,14,59,30,-11.6500700178123
565,AJG.N,Insurance,AJG.N,2024-12-02,58.5574365244309,89,23,31,25.2592287232844
566,TDG.N,Aerospace & Defense,TDG.N,2024-12-02,49.2034933945519,82,28,89,37.5678988797588
567,FBIN.N,Homebuilding & Construction Supplies,FBIN.N,2024-12-02,21.9744981055012,36,20,83,9.45172679091395
569,LNT.OQ,Electric Utilities & IPPs,LNT.OQ,2024-12-02,24.1782388086355,79,60,14,25.5994109046917
570,FTV.N,"""Machinery", Tools, Heavy Vehicles," Trains & Ships""",FTV.N,2024-12-02,31.4607995091223,25,15,61,14.0292331930673
571,MTD.N,Office Equipment,MTD.N,2024-12-02,33.9432099424528,31,12,85,14.1489245906332
572,DELL.N,"""Computers"," Phones & Household Electronics""",DELL.N,2024-12-02,22.2369086031956,75,57,53,84.3913930841444
573,CHTR.OQ,Telecommunications Services,CHTR.OQ,2024-12-02,12.3660227355738,51,97,45,-1.18003707979559
574,COO.OQ,Healthcare Equipment & Supplies,COO.OQ,2024-12-02,57.3586082462745,34,15,38,21.7781981536022
575,COTY.N,Personal & Household Products & Services,COTY.N,2024-12-02,45.4113736198504,5,17,48,-35.4974704903901
577,ASIX.N,Chemicals,ASIX.N,2024-12-02,23.2108180630583,17,65,26,23.6012126609223
578,ADNT.N,Automobiles & Auto Parts,ADNT.N,2024-12-02,96.2843448963127,7,50,72,-39.2514970081535
581,YUMC.N,Hotels & Entertainment Services,YUMC.N,2024-12-02,20.6385051363797,47,76,60,12.6416001536511
582,LW.N,Food & Tobacco,LW.N,2024-12-02,18.3847083533788,8,12,20,-22.1037095476371
583,MAA.N,Residential & Commercial REITs,MAA.N,2024-12-02,36.618218409736,65,43,71,33.5029912970734
585,CNDT.OQ,Software & IT Services,CNDT.OQ,2024-12-02,1.860941798371,20,24,51,29.7805642565028
586,IDXX.OQ,Healthcare Equipment & Supplies,IDXX.OQ,2024-12-02,41.5619425096941,6,5,95,-16.6160159472519
587,FTI.N,Oil & Gas Related Equipment and Services,FTI.N,2024-12-02,20.6091243590503,70,86,90,54.1904852221537
590,INCY.OQ,Pharmaceuticals,INCY.OQ,2024-12-02,523.329760628796,53,67,90,33.2605531316543
591,CBOE.Z,Investment Banking & Investment Services,CBOE.Z,2024-12-02,28.8622752859873,72,39,58,17.977187529439
592,REG.OQ,Residential & Commercial REITs,REG.OQ,2024-12-02,35.1618633007769,78,63,34,19.3745395830771
594,SNPS.OQ,Software & IT Services,SNPS.OQ,2024-12-02,58.3174469049803,41,8,64,6.5380271015814
595,ARE.N,Residential & Commercial REITs,ARE.N,2024-12-02,66.895954532704,5,16,14,-4.60869716819953
596,RJF.N,Investment Banking & Investment Services,RJF.N,2024-12-02,17.2060719552879,67,80,35,58.4914661849421
597,AMD.OQ,Semiconductors & Semiconductor Equipment,AMD.OQ,2024-12-02,126.991221640177,18,3,20,19.8110820604115
598,IT.N,Software & IT Services,IT.N,2024-12-02,38.1319335398014,82,40,95,17.6122662522397
599,CARS.N,Software & IT Services,CARS.N,2024-12-02,34.4988586843743,36,46,65,4.99999999568168
601,EG.N,Insurance,EG.N,2024-12-02,5.99693753451837,51,67,20,-1.90270243535315
602,ALGN.OQ,Healthcare Equipment & Supplies,ALGN.OQ,2024-12-02,39.9080958176098,8,6,100,6.62112932605343
603,ANSS.OQ,Software & IT Services,ANSS.OQ,2024-12-02,54.1329857389521,40,28,62,21.8995618088684
604,HLT.N,Hotels & Entertainment Services,HLT.N,2024-12-02,53.7356660909862,96,18,91,46.3910772219339
607,RMD.N,Healthcare Equipment & Supplies,RMD.N,2024-12-02,32.4694091288727,71,49,87,53.0389358706466
608,MGM.N,Hotels & Entertainment Services,MGM.N,2024-12-02,13.6790548626914,26,36,94,-5.10532837701609
609,PKG.N,Containers & Packaging,PKG.N,2024-12-02,28.5369564077008,90,82,81,49.3898273353593
610,AOS.N,"""Machinery", Tools, Heavy Vehicles," Trains & Ships""",AOS.N,2024-12-02,19.690647140438,28,21,92,-1.59669034819344
612,IQV.N,Biotechnology & Medical Research,IQV.N,2024-12-02,26.4763459257471,14,23,76,-6.6953345292916
613,DD.N,Chemicals,DD.N,2024-12-02,68.3690885482593,37,59,58,18.9155818944637
614,SBAC.OQ,Residential & Commercial REITs,SBAC.OQ,2024-12-02,35.1676988456212,33,32,88,-8.76226204850822
615,CDNS.OQ,Software & IT Services,CDNS.OQ,2024-12-02,81.5946015599935,44,12,72,17.7584636421462
616,NCLH.N,Hotels & Entertainment Services,NCLH.N,2024-12-02,27.5085145402148,57,88,33,62.0000000021932
618,HII.N,Aerospace & Defense,HII.N,2024-12-02,10.9897051889187,33,32,81,-17.980459293646
623,MSCI.N,Professional & Commercial Services,MSCI.N,2024-12-02,39.9909638297076,44,37,90,17.2290160468123
624,NVT.N,"""Machinery", Tools, Heavy Vehicles," Trains & Ships""",NVT.N,2024-12-02,23.7280869631784,61,10,40,43.6212732545298
625,CHX.OQ,Oil & Gas Related Equipment and Services,CHX.OQ,2024-12-02,19.0010991861083,44,26,83,5.64028630017179
628,EVRG.OQ,Electric Utilities & IPPs,EVRG.OQ,2024-12-02,17.1858071871851,76,84,22,31.929095801617
630,BR.N,Professional & Commercial Services,BR.N,2024-12-02,40.5537820188772,41,38,85,22.0373678865001
631,DINO.N,Oil & Gas,DINO.N,2024-12-02,24.570736176375,17,49,48,-20.4456792693408
632,CPAY.N,Professional & Commercial Services,CPAY.N,2024-12-02,27.2976606078058,62,69,76,52.2217806021717
633,CPRT.OQ,Software & IT Services,CPRT.OQ,2024-12-02,43.4688141746743,48,12,68,26.3393766568788
634,ANET.N,Communications & Networking,ANET.N,2024-12-02,49.2187528128859,88,49,95,90.6555090653762
636,ROL.N,Professional & Commercial Services,ROL.N,2024-12-02,51.4301628724973,96,15,87,22.8363542256659
637,GTX.N^I20,Automobiles & Auto Parts,GTX.N^I20,2020-09-18,8.35965258586656,15,72,95,NaN
638,FTNT.OQ,Software & IT Services,FTNT.OQ,2024-12-02,48.0501673589547,67,50,95,82.4306220069092
639,REZI.N,Communications & Networking,REZI.N,2024-12-02,24.772319860194,45,77,66,62.9146919352304
640,KEYS.N,Electronic Equipment & Parts,KEYS.N,2024-12-02,49.0515013607154,22,33,81,24.2145649332309
641,JKHY.OQ,Software & IT Services,JKHY.OQ,2024-12-02,32.131261489496,53,24,66,9.3676416513671
642,FANG.OQ,Oil & Gas,FANG.OQ,2024-12-02,10.0675464055888,62,65,57,19.3867341675151
644,CE.N,Chemicals,CE.N,2024-12-02,7.39599567919196,5,35,55,-46.4691520331651
646,TFX.N,Healthcare Equipment & Supplies,TFX.N,2024-12-02,38.5281153523565,21,24,43,-14.7445380987342
648,ATO.N,Natural Gas Utilities,ATO.N,2024-12-02,21.8158108826475,96,72,17,32.7012372091612
649,WAB.N,"""Machinery", Tools, Heavy Vehicles," Trains & Ships""",WAB.N,2024-12-02,33.2726549007133,96,58,50,67.3731636960309
650,FOXA.OQ,Media & Publishing,FOXA.OQ,2024-12-02,11.4290601632374,92,90,53,57.0292690963613
652,DOW.N,Chemicals,DOW.N,2024-12-02,29.7510910297578,6,45,47,-10.1464580339501
653,KTB.N,Textiles & Apparel,KTB.N,2024-12-02,21.2559972197273,87,62,78,75.0572256076998
654,CTVA.N,Chemicals,CTVA.N,2024-12-02,65.4116212579886,36,47,35,39.2416192432053
655,MKTX.OQ,Investment Banking & Investment Services,MKTX.OQ,2024-12-02,35.6663255305209,50,45,69,11.8560089004099
656,TMUS.OQ,Telecommunications Services,TMUS.OQ,2024-12-02,27.9030857288744,59,37,53,62.564990478729
657,LDOS.N,Software & IT Services,LDOS.N,2024-12-02,18.7765552176927,63,73,79,49.1780682913347
658,IEX.N,"""Machinery", Tools, Heavy Vehicles," Trains & Ships""",IEX.N,2024-12-02,35.8776251213023,24,29,50,14.9823086211383
659,CDW.OQ,Integrated Hardware & Software,CDW.OQ,2024-12-02,22.0681936752181,12,8,79,-14.0751127450366
660,NVR.N,Homebuilding & Construction Supplies,NVR.N,2024-12-02,18.7693259652893,77,42,82,43.7058257198803
661,LVS.N,Hotels & Entertainment Services,LVS.N,2024-12-02,27.3343538158758,24,27,88,22.6376935848098
662,NOW.N,Software & IT Services,NOW.N,2024-12-02,163.060738542605,86,21,91,52.4722957408623
663,WRB.N,Insurance,WRB.N,2024-12-02,16.3206383638849,65,64,79,32.7041750322164
664,ODFL.OQ,Freight & Logistics Services,ODFL.OQ,2024-12-02,39.296181533154,37,3,69,11.9006449314967
665,ZBRA.OQ,Electronic Equipment & Parts,ZBRA.OQ,2024-12-02,55.6490489012421,77,48,17,71.299661608181
666,STE.N,Healthcare Equipment & Supplies,STE.N,2024-12-02,36.0194596587318,35,25,46,10.8867021981478
667,LYV.N,Media & Publishing,LYV.N,2024-12-02,157.027242676393,79,33,97,63.7465826684769
668,PAYC.N,Software & IT Services,PAYC.N,2024-12-02,28.0219005120649,10,11,93,25.8318859141919
669,IR.N,"""Machinery", Tools, Heavy Vehicles," Trains & Ships""",IR.N,2024-12-02,51.1316377008274,69,12,59,46.0833034156032
670,CARR.N,"""Machinery", Tools, Heavy Vehicles," Trains & Ships""",CARR.N,2024-12-02,43.4586945871738,87,18,75,44.4407667485543
671,OTIS.N,"""Machinery", Tools, Heavy Vehicles," Trains & Ships""",OTIS.N,2024-12-02,25.353340389764,63,21,95,18.5554254863874
672,DPZ.N,Hotels & Entertainment Services,DPZ.N,2024-12-02,28.5462350052355,40,21,84,18.1270272444189
673,DXCM.OQ,Healthcare Equipment & Supplies,DXCM.OQ,2024-12-02,48.4120056402337,7,6,99,-32.9245602147039
674,WST.N,Healthcare Equipment & Supplies,WST.N,2024-12-02,47.8080742525404,6,3,72,-7.83306757454928
675,TDY.N,Electronic Equipment & Parts,TDY.N,2024-12-02,24.2805477966705,43,48,53,17.2176375788733
676,TYL.N,Software & IT Services,TYL.N,2024-12-02,114.435714743033,96,37,65,51.4941638071332
678,TER.OQ,Semiconductors & Semiconductor Equipment,TER.OQ,2024-12-02,36.0079522862823,40,9,70,22.005641728863
680,ETSY.OQ,Diversified Retail,ETSY.OQ,2024-12-02,28.3601628178118,5,14,100,-33.1726714027682
681,POOL.OQ,Leisure Products,POOL.OQ,2024-12-02,32.3024090412722,29,11,96,7.6729896141347
682,VNT.N,Electronic Equipment & Parts,VNT.N,2024-12-02,15.0474083317703,19,40,78,14.7738122597493
684,TSLA.OQ,Automobiles & Auto Parts,TSLA.OQ,2024-12-02,97.908789554641,17,18,60,51.579081426744
685,ENPH.OQ,Renewable Energy,ENPH.OQ,2024-12-02,170.7777297838,10,3,81,-31.0002755621547
686,TRMB.OQ,Software & IT Services,TRMB.OQ,2024-12-02,12.1981345600459,42,26,24,56.1204870720569
687,MPWR.OQ,Semiconductors & Semiconductor Equipment,MPWR.OQ,2024-12-02,65.3981075285297,51,12,78,4.3753513841654
690,NXPI.OQ,Semiconductors & Semiconductor Equipment,NXPI.OQ,2024-12-02,22.3067815060253,33,21,71,15.1882124758375
691,GNRC.N,"""Machinery", Tools, Heavy Vehicles," Trains & Ships""",GNRC.N,2024-12-02,38.8943182549118,96,69,47,52.5596158559518
692,PTC.OQ,Software & IT Services,PTC.OQ,2024-12-02,64.0049822315389,46,21,28,24.6904315220794
693,CRL.N,Biotechnology & Medical Research,CRL.N,2024-12-02,25.1219271670081,7,10,66,0.319026972246128
694,OGN.N,Pharmaceuticals,OGN.N,2024-12-02,3.08806641821979,17,79,77,39.7696505068093
695,DTM.N,Oil & Gas Related Equipment and Services,DTM.N,2024-12-02,24.867290884265,100,79,39,83.5846756457637
697,VSCO.N,Specialty Retailers,VSCO.N,2024-12-02,25.655462802027,47,61,62,54.2878174551095
698,TECH.OQ,Biotechnology & Medical Research,TECH.OQ,2024-12-02,80.8594373238313,20,13,61,16.9163116015829
699,MTCH.OQ,Software & IT Services,MTCH.OQ,2024-12-02,14.8214947388158,30,27,94,1.06544900576409
700,BRO.N,Insurance,BRO.N,2024-12-02,30.4076140251476,96,48,71,50.7245726242834
701,DAY.N,Software & IT Services,DAY.N,2024-12-02,245.512955868601,8,10,37,17.0742232478231
702,SLVM.N,Paper & Forest Products,SLVM.N,2024-12-02,14.4959340103498,46,51,32,81.2510206678246
705,EPAM.N,Software & IT Services,EPAM.N,2024-12-02,31.8326458609987,26,56,67,-6.75820392982112
706,FDS.N,Professional & Commercial Services,FDS.N,2024-12-02,35.1996398557697,32,13,81,8.74215971868015
709,CEG.OQ,Electric Utilities & IPPs,CEG.OQ,2024-12-02,27.5513842478675,56,41,2,111.347925230078
710,NDSN.OQ,"""Machinery", Tools, Heavy Vehicles," Trains & Ships""",NDSN.OQ,2024-12-02,31.5669331046563,28,34,31,8.9984307818036
712,MOH.N,Healthcare Providers & Services,MOH.N,2024-12-02,15.3214759006639,7,47,95,-17.4225845267058
713,EMBC.OQ,Healthcare Equipment & Supplies,EMBC.OQ,2024-12-02,15.2420094024423,24,89,84,13.7225523926711
714,CPT.N,Residential & Commercial REITs,CPT.N,2024-12-02,39.5272672770353,71,28,74,38.387382180487
715,VICI.N,Residential & Commercial REITs,VICI.N,2024-12-02,11.9476395900487,58,82,36,11.416985303111
716,ON.OQ,Semiconductors & Semiconductor Equipment,ON.OQ,2024-12-02,18.349238487993,13,22,44,1.16279069714886
717,INVH.N,Residential & Commercial REITs,INVH.N,2024-12-02,47.3298429319372,39,26,49,3.58591975757792
718,CSGP.OQ,Software & IT Services,CSGP.OQ,2024-12-02,186.101104009297,12,2,51,-6.05420626486566
719,TRGP.N,Oil & Gas Related Equipment and Services,TRGP.N,2024-12-02,35.1160305563979,100,59,23,122.697038677516
720,ACGL.OQ,Insurance,ACGL.OQ,2024-12-02,6.67085414476358,80,82,84,27.3661353856144
721,MBC.N,Homebuilding & Construction Supplies,MBC.N,2024-12-02,15.2686560585357,41,70,93,21.2036389070039
722,STLD.OQ,Metals & Mining,STLD.OQ,2024-12-02,13.1067328474764,10,56,75,23.6282149350419
723,GEHC.OQ,Healthcare Equipment & Supplies,GEHC.OQ,2024-12-02,22.7544746175862,34,27,92,19.9371358821809
724,BG.N,Food & Tobacco,BG.N,2024-12-02,11.279313998934,28,69,52,-14.9353552254242
725,PODD.OQ,Healthcare Equipment & Supplies,PODD.OQ,2024-12-02,46.3261868380018,71,38,64,37.3730604646043
726,FICO.N,Software & IT Services,FICO.N,2024-12-02,114.033865286981,100,44,88,107.773313276781
727,AXON.OQ,Aerospace & Defense,AXON.OQ,2024-12-02,165.044464673342,86,43,90,169.337227015031
728,PANW.OQ,Software & IT Services,PANW.OQ,2024-12-02,50.853709399927,71,31,89,36.1327239065173
730,PHIN.N,Automobiles & Auto Parts,PHIN.N,2024-12-02,27.0703010429038,86,80,55,111.281671740527
731,KVUE.N,Personal & Household Products & Services,KVUE.N,2024-12-02,43.8119661206725,52,41,68,22.295104375823
732,BX.N,Investment Banking & Investment Services,BX.N,2024-12-02,64.303541593614,98,19,79,66.0118844666816
733,ABNB.OQ,Software & IT Services,ABNB.OQ,2024-12-02,48.2592076490265,25,5,25,2.83470455968136
734,VLTO.N,Professional & Commercial Services,VLTO.N,2024-12-02,32.9051112009455,90,42,98,41.2518101918851
735,KLG.N,Food & Tobacco,KLG.N,2024-12-02,27.3321982256475,27,72,100,91.8576850046527
736,LULU.OQ,Textiles & Apparel,LULU.OQ,2024-12-02,25.8388947999997,13,10,96,-27.4242555773598
737,HUBB.N,"""Machinery", Tools, Heavy Vehicles," Trains & Ships""",HUBB.N,2024-12-02,32.9246821702077,76,39,48,52.6015285680291
738,UBER.N,Software & IT Services,UBER.N,2024-12-02,35.7789899425146,42,47,85,24.6290295104833
739,BLDR.N,Homebuilding & Construction Supplies,BLDR.N,2024-12-02,18.0637518887675,30,31,85,35.0431097512524
